{
  "accuracy": 0.7559999823570251,
  "per_query_acc": [
    0.7559999823570251
  ],
  "mean_hidden_spikes": 2.507999897003174,
  "throughput_K_per_spk": 0.39872409930913744,
  "ops_per_neuron_per_ms": 0.0004,
  "mean_active_hidden_fraction": 0.039239998906850815,
  "binary_confusion": [
    [
      0,
      244
    ],
    [
      0,
      756
    ]
  ],
  "op_accuracy": {
    "OR": 0.7559999823570251
  },
  "op_confusions": {
    "OR": [
      [
        0,
        244
      ],
      [
        0,
        756
      ]
    ]
  },
  "K": 1,
  "op": "OR",
  "train_mode": "delays_only",
  "hidden_size": 50,
  "delay_param_type": "sigmoid",
  "delay_step": 1.0,
  "fixed_delay_value": null
}