{
  "accuracy": 0.7680000066757202,
  "per_query_acc": [
    0.7680000066757202
  ],
  "mean_hidden_spikes": 2.635999917984009,
  "throughput_K_per_spk": 0.37936268251661853,
  "K": 1,
  "op": "A_IMP_B",
  "train_mode": "delays_only",
  "hidden_size": 50
}