{
  "accuracy": 0.9779999852180481,
  "per_query_acc": [
    0.9779999852180481
  ],
  "mean_hidden_spikes": 26.680999755859375,
  "throughput_K_per_spk": 0.037479854921118216,
  "K": 1,
  "op": "OR",
  "train_mode": "weights_and_delays",
  "hidden_size": 20
}