{
  "accuracy": 0.9380000233650208,
  "per_query_acc": [
    0.9380000233650208
  ],
  "mean_hidden_spikes": 21.33099937438965,
  "throughput_K_per_spk": 0.04688012888887975,
  "K": 1,
  "op": "NAND",
  "train_mode": "weights_only",
  "hidden_size": 50
}