{
  "accuracy": 0.9399999976158142,
  "per_query_acc": [
    0.9399999976158142
  ],
  "mean_hidden_spikes": 26.32200050354004,
  "throughput_K_per_spk": 0.03799103338917991,
  "K": 1,
  "op": "AND",
  "train_mode": "weights_only",
  "hidden_size": 50
}