{
  "accuracy": 0.9850000143051147,
  "per_query_acc": [
    0.9850000143051147
  ],
  "mean_hidden_spikes": 11.960000038146973,
  "throughput_K_per_spk": 0.0836120398670948,
  "K": 1,
  "op": "AND",
  "train_mode": "weights_and_delays",
  "hidden_size": 20
}