{
  "accuracy": 0.7549999952316284,
  "per_query_acc": [
    0.7549999952316284
  ],
  "mean_hidden_spikes": 0.593999981880188,
  "throughput_K_per_spk": 1.6835017348564563,
  "ops_per_neuron_per_ms": 0.002,
  "mean_active_hidden_fraction": 0.050700005143880844,
  "binary_confusion": [
    [
      755,
      1
    ],
    [
      244,
      0
    ]
  ],
  "op_accuracy": {
    "NOR": 0.7549999952316284
  },
  "op_confusions": {
    "NOR": [
      [
        755,
        1
      ],
      [
        244,
        0
      ]
    ]
  },
  "K": 1,
  "op": "NOR",
  "train_mode": "weights_only",
  "hidden_size": 10,
  "delay_param_type": "sigmoid",
  "delay_step": 1.0,
  "fixed_delay_value": 0.0
}