{
  "accuracy": 0.9160000085830688,
  "per_query_acc": [
    0.9160000085830688
  ],
  "mean_hidden_spikes": 16.812000274658203,
  "throughput_K_per_spk": 0.059481321892872176,
  "K": 1,
  "op": "A_IMP_B",
  "train_mode": "weights_only",
  "hidden_size": 20
}