{
  "accuracy": 0.8930000066757202,
  "per_query_acc": [
    0.8930000066757202
  ],
  "mean_hidden_spikes": 6.056000232696533,
  "throughput_K_per_spk": 0.1651254890316828,
  "K": 1,
  "op": "AND",
  "train_mode": "weights_only",
  "hidden_size": 10
}