{
  "accuracy": 0.9649999737739563,
  "per_query_acc": [
    0.9649999737739563
  ],
  "mean_hidden_spikes": 18.804000854492188,
  "throughput_K_per_spk": 0.05318017201435644,
  "K": 1,
  "op": "OR",
  "train_mode": "weights_and_delays",
  "hidden_size": 10
}