{
  "accuracy": 0.8560000061988831,
  "per_query_acc": [
    0.8560000061988831
  ],
  "mean_hidden_spikes": 20.172000885009766,
  "throughput_K_per_spk": 0.04957366429341776,
  "K": 1,
  "op": "OR",
  "train_mode": "weights_only",
  "hidden_size": 10
}