{
  "accuracy": 0.9890000224113464,
  "per_query_acc": [
    0.9890000224113464
  ],
  "mean_hidden_spikes": 20.66699981689453,
  "throughput_K_per_spk": 0.04838631677842934,
  "ops_per_neuron_per_ms": 0.0004,
  "mean_active_hidden_fraction": 0.23584000766277313,
  "binary_confusion": [
    [
      229,
      9
    ],
    [
      2,
      760
    ]
  ],
  "op_accuracy": {
    "NAND": 0.9890000224113464
  },
  "op_confusions": {
    "NAND": [
      [
        229,
        9
      ],
      [
        2,
        760
      ]
    ]
  },
  "K": 1,
  "op": "NAND",
  "train_mode": "weights_and_delays",
  "hidden_size": 50,
  "delay_param_type": "sigmoid",
  "delay_step": 1.0,
  "fixed_delay_value": null
}