{
  "accuracy": 0.9319999814033508,
  "per_query_acc": [
    0.9319999814033508
  ],
  "mean_hidden_spikes": 19.718000411987305,
  "throughput_K_per_spk": 0.05071508160594534,
  "ops_per_neuron_per_ms": 0.0004,
  "mean_active_hidden_fraction": 0.20179998874664307,
  "binary_confusion": [
    [
      462,
      20
    ],
    [
      48,
      470
    ]
  ],
  "op_accuracy": {
    "XOR": 0.9319999814033508
  },
  "op_confusions": {
    "XOR": [
      [
        462,
        20
      ],
      [
        48,
        470
      ]
    ]
  },
  "K": 1,
  "op": "XOR",
  "train_mode": "weights_and_delays",
  "hidden_size": 50,
  "delay_param_type": "sigmoid",
  "delay_step": 1.0,
  "fixed_delay_value": null
}