{
  "accuracy": 0.8790000081062317,
  "per_query_acc": [
    0.8790000081062317
  ],
  "mean_hidden_spikes": 5.89300012588501,
  "throughput_K_per_spk": 0.1696928523058228,
  "K": 1,
  "op": "NAND",
  "train_mode": "weights_only",
  "hidden_size": 10
}