{
  "accuracy": 0.9330000281333923,
  "per_query_acc": [
    0.9330000281333923
  ],
  "mean_hidden_spikes": 10.680000305175781,
  "throughput_K_per_spk": 0.09363295612598216,
  "ops_per_neuron_per_ms": 0.002,
  "mean_active_hidden_fraction": 0.43389999866485596,
  "binary_confusion": [
    [
      186,
      63
    ],
    [
      4,
      747
    ]
  ],
  "op_accuracy": {
    "B_IMP_A": 0.9330000281333923
  },
  "op_confusions": {
    "B_IMP_A": [
      [
        186,
        63
      ],
      [
        4,
        747
      ]
    ]
  },
  "K": 1,
  "op": "B_IMP_A",
  "train_mode": "weights_and_delays",
  "hidden_size": 10,
  "delay_param_type": "sigmoid",
  "delay_step": 1.0,
  "fixed_delay_value": null
}