{
  "accuracy": 0.9779999852180481,
  "per_query_acc": [
    0.9779999852180481
  ],
  "mean_hidden_spikes": 32.14699935913086,
  "throughput_K_per_spk": 0.031107102371468007,
  "K": 1,
  "op": "B_IMP_A",
  "train_mode": "weights_and_delays",
  "hidden_size": 50
}