{
  "accuracy": 0.5339999794960022,
  "per_query_acc": [
    0.5339999794960022
  ],
  "mean_hidden_spikes": 0.2619999945163727,
  "throughput_K_per_spk": 3.816793973014793,
  "K": 1,
  "op": "XOR",
  "train_mode": "delays_only",
  "hidden_size": 10
}