{
  "accuracy": 0.8970000147819519,
  "per_query_acc": [
    0.8970000147819519
  ],
  "mean_hidden_spikes": 69.07099914550781,
  "throughput_K_per_spk": 0.01447785629817456,
  "K": 1,
  "op": "NOR",
  "train_mode": "weights_only",
  "hidden_size": 50
}