{
  "accuracy": 0.6019999980926514,
  "per_query_acc": [
    0.6019999980926514
  ],
  "mean_hidden_spikes": 2.5820000171661377,
  "throughput_K_per_spk": 0.38729666667374596,
  "ops_per_neuron_per_ms": 0.0004,
  "mean_active_hidden_fraction": 0.04027999937534332,
  "binary_confusion": [
    [
      136,
      346
    ],
    [
      52,
      466
    ]
  ],
  "op_accuracy": {
    "XOR": 0.6019999980926514
  },
  "op_confusions": {
    "XOR": [
      [
        136,
        346
      ],
      [
        52,
        466
      ]
    ]
  },
  "K": 1,
  "op": "XOR",
  "train_mode": "delays_only",
  "hidden_size": 50,
  "delay_param_type": "sigmoid",
  "delay_step": 1.0,
  "fixed_delay_value": null
}