{
  "accuracy": 0.8600000143051147,
  "per_query_acc": [
    0.8600000143051147
  ],
  "mean_hidden_spikes": 2.125999927520752,
  "throughput_K_per_spk": 0.4703669022068859,
  "K": 1,
  "op": "AND",
  "train_mode": "delays_only",
  "hidden_size": 50
}