{
  "accuracy": 0.8840000033378601,
  "per_query_acc": [
    0.8840000033378601
  ],
  "mean_hidden_spikes": 11.027999877929688,
  "throughput_K_per_spk": 0.09067827448940201,
  "K": 1,
  "op": "B_IMP_A",
  "train_mode": "weights_only",
  "hidden_size": 10
}