{
  "accuracy": 0.8259999752044678,
  "per_query_acc": [
    0.8259999752044678
  ],
  "mean_hidden_spikes": 15.37399959564209,
  "throughput_K_per_spk": 0.0650448826786401,
  "K": 1,
  "op": "XOR",
  "train_mode": "weights_only",
  "hidden_size": 50
}