{
  "accuracy": 0.7559999823570251,
  "per_query_acc": [
    0.7559999823570251
  ],
  "mean_hidden_spikes": 2.5920000076293945,
  "throughput_K_per_spk": 0.38580246800021634,
  "K": 1,
  "op": "NOR",
  "train_mode": "delays_only",
  "hidden_size": 50
}