{
  "accuracy": 0.6240000128746033,
  "per_query_acc": [
    0.6240000128746033
  ],
  "mean_hidden_spikes": 1.6100000143051147,
  "throughput_K_per_spk": 0.6211180069036246,
  "K": 1,
  "op": "XOR",
  "train_mode": "delays_only",
  "hidden_size": 20
}