{
  "accuracy": 0.6169999837875366,
  "per_query_acc": [
    0.6169999837875366
  ],
  "mean_hidden_spikes": 1.5750000476837158,
  "throughput_K_per_spk": 0.6349206156981752,
  "ops_per_neuron_per_ms": 0.001,
  "mean_active_hidden_fraction": 0.06340000778436661,
  "binary_confusion": [
    [
      447,
      71
    ],
    [
      312,
      170
    ]
  ],
  "op_accuracy": {
    "XNOR": 0.6169999837875366
  },
  "op_confusions": {
    "XNOR": [
      [
        447,
        71
      ],
      [
        312,
        170
      ]
    ]
  },
  "K": 1,
  "op": "XNOR",
  "train_mode": "delays_only",
  "hidden_size": 20,
  "delay_param_type": "sigmoid",
  "delay_step": 1.0,
  "fixed_delay_value": null
}