{
  "accuracy": 0.7649999856948853,
  "per_query_acc": [
    0.7649999856948853
  ],
  "mean_hidden_spikes": 0.2930000126361847,
  "throughput_K_per_spk": 3.412969136085637,
  "K": 1,
  "op": "A_IMP_B",
  "train_mode": "delays_only",
  "hidden_size": 10
}