{
  "accuracy": 0.9100000262260437,
  "per_query_acc": [
    0.9100000262260437
  ],
  "mean_hidden_spikes": 10.187999725341797,
  "throughput_K_per_spk": 0.09815469444041931,
  "K": 1,
  "op": "A_IMP_B",
  "train_mode": "weights_only",
  "hidden_size": 10
}