{
  "accuracy": 0.5339999794960022,
  "per_query_acc": [
    0.5339999794960022
  ],
  "mean_hidden_spikes": 0.2619999945163727,
  "throughput_K_per_spk": 3.816793973014793,
  "ops_per_neuron_per_ms": 0.002,
  "mean_active_hidden_fraction": 0.02590000070631504,
  "binary_confusion": [
    [
      16,
      466
    ],
    [
      0,
      518
    ]
  ],
  "op_accuracy": {
    "XOR": 0.5339999794960022
  },
  "op_confusions": {
    "XOR": [
      [
        16,
        466
      ],
      [
        0,
        518
      ]
    ]
  },
  "K": 1,
  "op": "XOR",
  "train_mode": "delays_only",
  "hidden_size": 10,
  "delay_param_type": "sigmoid",
  "delay_step": 1.0,
  "fixed_delay_value": null
}