{
  "accuracy": 0.7559999823570251,
  "per_query_acc": [
    0.7559999823570251
  ],
  "mean_hidden_spikes": 0.28299999237060547,
  "throughput_K_per_spk": 3.5335689998550954,
  "K": 1,
  "op": "OR",
  "train_mode": "delays_only",
  "hidden_size": 10
}