{
  "accuracy": 0.9620000123977661,
  "per_query_acc": [
    0.9620000123977661
  ],
  "mean_hidden_spikes": 4.413000106811523,
  "throughput_K_per_spk": 0.22660321228102553,
  "K": 1,
  "op": "AND",
  "train_mode": "weights_and_delays",
  "hidden_size": 10
}