{
  "accuracy": 0.9179999828338623,
  "per_query_acc": [
    0.9179999828338623
  ],
  "mean_hidden_spikes": 10.138999938964844,
  "throughput_K_per_spk": 0.09862905671366407,
  "K": 1,
  "op": "NAND",
  "train_mode": "weights_only",
  "hidden_size": 20
}