{
  "accuracy": 0.9879999756813049,
  "per_query_acc": [
    0.9879999756813049
  ],
  "mean_hidden_spikes": 23.340999603271484,
  "throughput_K_per_spk": 0.04284306657799864,
  "K": 1,
  "op": "AND",
  "train_mode": "weights_and_delays",
  "hidden_size": 50
}