{
  "accuracy": 0.949999988079071,
  "per_query_acc": [
    0.949999988079071
  ],
  "mean_hidden_spikes": 7.849999904632568,
  "throughput_K_per_spk": 0.12738853657945445,
  "K": 1,
  "op": "A_IMP_B",
  "train_mode": "weights_and_delays",
  "hidden_size": 10
}