{
  "accuracy": 0.9520000219345093,
  "per_query_acc": [
    0.9520000219345093
  ],
  "mean_hidden_spikes": 19.615999221801758,
  "throughput_K_per_spk": 0.050978794844596685,
  "ops_per_neuron_per_ms": 0.0004,
  "mean_active_hidden_fraction": 0.21442002058029175,
  "binary_confusion": [
    [
      483,
      35
    ],
    [
      13,
      469
    ]
  ],
  "op_accuracy": {
    "XNOR": 0.9520000219345093
  },
  "op_confusions": {
    "XNOR": [
      [
        483,
        35
      ],
      [
        13,
        469
      ]
    ]
  },
  "K": 1,
  "op": "XNOR",
  "train_mode": "weights_and_delays",
  "hidden_size": 50,
  "delay_param_type": "sigmoid",
  "delay_step": 1.0,
  "fixed_delay_value": null
}