{
  "accuracy": 0.7549999952316284,
  "per_query_acc": [
    0.7549999952316284
  ],
  "mean_hidden_spikes": 0.2919999957084656,
  "throughput_K_per_spk": 3.42465758457889,
  "K": 1,
  "op": "NOR",
  "train_mode": "delays_only",
  "hidden_size": 10
}