{
  "accuracy": 0.781000018119812,
  "per_query_acc": [
    0.781000018119812
  ],
  "mean_hidden_spikes": 15.914999961853027,
  "throughput_K_per_spk": 0.0628338047374753,
  "ops_per_neuron_per_ms": 0.001,
  "mean_active_hidden_fraction": 0.3432999849319458,
  "binary_confusion": [
    [
      61,
      208
    ],
    [
      11,
      720
    ]
  ],
  "op_accuracy": {
    "A_IMP_B": 0.781000018119812
  },
  "op_confusions": {
    "A_IMP_B": [
      [
        61,
        208
      ],
      [
        11,
        720
      ]
    ]
  },
  "K": 1,
  "op": "A_IMP_B",
  "train_mode": "weights_only",
  "hidden_size": 20,
  "delay_param_type": "sigmoid",
  "delay_step": 1.0,
  "fixed_delay_value": 0.0
}