{
  "accuracy": 0.8600000143051147,
  "per_query_acc": [
    0.8600000143051147
  ],
  "mean_hidden_spikes": 4.986000061035156,
  "throughput_K_per_spk": 0.20056156994759192,
  "K": 1,
  "op": "XOR",
  "train_mode": "weights_and_delays",
  "hidden_size": 10
}