{
  "accuracy": 0.7559999823570251,
  "per_query_acc": [
    0.7559999823570251
  ],
  "mean_hidden_spikes": 1.7230000495910645,
  "throughput_K_per_spk": 0.5803830361103816,
  "K": 1,
  "op": "NOR",
  "train_mode": "delays_only",
  "hidden_size": 20
}