{
  "accuracy": 0.902999997138977,
  "per_query_acc": [
    0.902999997138977
  ],
  "mean_hidden_spikes": 7.790999889373779,
  "throughput_K_per_spk": 0.12835322990620365,
  "ops_per_neuron_per_ms": 0.001,
  "mean_active_hidden_fraction": 0.18930001556873322,
  "binary_confusion": [
    [
      463,
      19
    ],
    [
      78,
      440
    ]
  ],
  "op_accuracy": {
    "XOR": 0.902999997138977
  },
  "op_confusions": {
    "XOR": [
      [
        463,
        19
      ],
      [
        78,
        440
      ]
    ]
  },
  "K": 1,
  "op": "XOR",
  "train_mode": "weights_and_delays",
  "hidden_size": 20,
  "delay_param_type": "sigmoid",
  "delay_step": 1.0,
  "fixed_delay_value": null
}