{
  "accuracy": 0.8460000157356262,
  "per_query_acc": [
    0.8460000157356262
  ],
  "mean_hidden_spikes": 4.804999828338623,
  "throughput_K_per_spk": 0.20811655270043164,
  "K": 1,
  "op": "XNOR",
  "train_mode": "weights_and_delays",
  "hidden_size": 10
}