{
  "accuracy": 0.9049999713897705,
  "per_query_acc": [
    0.9049999713897705
  ],
  "mean_hidden_spikes": 14.4399995803833,
  "throughput_K_per_spk": 0.06925207957474577,
  "K": 1,
  "op": "B_IMP_A",
  "train_mode": "weights_only",
  "hidden_size": 20
}