{
  "accuracy": 0.9850000143051147,
  "per_query_acc": [
    0.9850000143051147
  ],
  "mean_hidden_spikes": 17.000999450683594,
  "throughput_K_per_spk": 0.05882007130820718,
  "ops_per_neuron_per_ms": 0.001,
  "mean_active_hidden_fraction": 0.3664000332355499,
  "binary_confusion": [
    [
      257,
      12
    ],
    [
      3,
      728
    ]
  ],
  "op_accuracy": {
    "A_IMP_B": 0.9850000143051147
  },
  "op_confusions": {
    "A_IMP_B": [
      [
        257,
        12
      ],
      [
        3,
        728
      ]
    ]
  },
  "K": 1,
  "op": "A_IMP_B",
  "train_mode": "weights_and_delays",
  "hidden_size": 20,
  "delay_param_type": "sigmoid",
  "delay_step": 1.0,
  "fixed_delay_value": null
}