{
  "accuracy": 0.8600000143051147,
  "per_query_acc": [
    0.8600000143051147
  ],
  "mean_hidden_spikes": 4.986000061035156,
  "throughput_K_per_spk": 0.20056156994759192,
  "ops_per_neuron_per_ms": 0.002,
  "mean_active_hidden_fraction": 0.24540001153945923,
  "binary_confusion": [
    [
      457,
      25
    ],
    [
      115,
      403
    ]
  ],
  "op_accuracy": {
    "XOR": 0.8600000143051147
  },
  "op_confusions": {
    "XOR": [
      [
        457,
        25
      ],
      [
        115,
        403
      ]
    ]
  },
  "K": 1,
  "op": "XOR",
  "train_mode": "weights_and_delays",
  "hidden_size": 10,
  "delay_param_type": "sigmoid",
  "delay_step": 1.0,
  "fixed_delay_value": null
}