{
  "accuracy": 0.9359999895095825,
  "per_query_acc": [
    0.9359999895095825
  ],
  "mean_hidden_spikes": 4.965000152587891,
  "throughput_K_per_spk": 0.20140986289371476,
  "K": 1,
  "op": "NAND",
  "train_mode": "weights_and_delays",
  "hidden_size": 10
}