{
  "accuracy": 0.9850000143051147,
  "per_query_acc": [
    0.9850000143051147
  ],
  "mean_hidden_spikes": 25.57200050354004,
  "throughput_K_per_spk": 0.03910527062055883,
  "ops_per_neuron_per_ms": 0.0004,
  "mean_active_hidden_fraction": 0.2535799741744995,
  "binary_confusion": [
    [
      256,
      13
    ],
    [
      2,
      729
    ]
  ],
  "op_accuracy": {
    "A_IMP_B": 0.9850000143051147
  },
  "op_confusions": {
    "A_IMP_B": [
      [
        256,
        13
      ],
      [
        2,
        729
      ]
    ]
  },
  "K": 1,
  "op": "A_IMP_B",
  "train_mode": "weights_and_delays",
  "hidden_size": 50,
  "delay_param_type": "sigmoid",
  "delay_step": 1.0,
  "fixed_delay_value": null
}