{
  "accuracy": 0.7789999842643738,
  "per_query_acc": [
    0.7789999842643738
  ],
  "mean_hidden_spikes": 2.6670000553131104,
  "throughput_K_per_spk": 0.37495312308218093,
  "ops_per_neuron_per_ms": 0.0004,
  "mean_active_hidden_fraction": 0.041419997811317444,
  "binary_confusion": [
    [
      29,
      220
    ],
    [
      1,
      750
    ]
  ],
  "op_accuracy": {
    "B_IMP_A": 0.7789999842643738
  },
  "op_confusions": {
    "B_IMP_A": [
      [
        29,
        220
      ],
      [
        1,
        750
      ]
    ]
  },
  "K": 1,
  "op": "B_IMP_A",
  "train_mode": "delays_only",
  "hidden_size": 50,
  "delay_param_type": "sigmoid",
  "delay_step": 1.0,
  "fixed_delay_value": null
}