{
  "accuracy": 0.9850000143051147,
  "per_query_acc": [
    0.9850000143051147
  ],
  "mean_hidden_spikes": 39.65999984741211,
  "throughput_K_per_spk": 0.02521432183175492,
  "ops_per_neuron_per_ms": 0.0004,
  "mean_active_hidden_fraction": 0.31640002131462097,
  "binary_confusion": [
    [
      741,
      15
    ],
    [
      0,
      244
    ]
  ],
  "op_accuracy": {
    "NOR": 0.9850000143051147
  },
  "op_confusions": {
    "NOR": [
      [
        741,
        15
      ],
      [
        0,
        244
      ]
    ]
  },
  "K": 1,
  "op": "NOR",
  "train_mode": "weights_and_delays",
  "hidden_size": 50,
  "delay_param_type": "sigmoid",
  "delay_step": 1.0,
  "fixed_delay_value": null
}