{
  "accuracy": 0.8920000195503235,
  "per_query_acc": [
    0.8920000195503235
  ],
  "mean_hidden_spikes": 2.055000066757202,
  "throughput_K_per_spk": 0.48661798905826986,
  "ops_per_neuron_per_ms": 0.0004,
  "mean_active_hidden_fraction": 0.03743999823927879,
  "binary_confusion": [
    [
      198,
      40
    ],
    [
      68,
      694
    ]
  ],
  "op_accuracy": {
    "NAND": 0.8920000195503235
  },
  "op_confusions": {
    "NAND": [
      [
        198,
        40
      ],
      [
        68,
        694
      ]
    ]
  },
  "K": 1,
  "op": "NAND",
  "train_mode": "delays_only",
  "hidden_size": 50,
  "delay_param_type": "sigmoid",
  "delay_step": 1.0,
  "fixed_delay_value": null
}