{
  "accuracy": 0.9850000143051147,
  "per_query_acc": [
    0.9850000143051147
  ],
  "mean_hidden_spikes": 39.65999984741211,
  "throughput_K_per_spk": 0.02521432183175492,
  "K": 1,
  "op": "NOR",
  "train_mode": "weights_and_delays",
  "hidden_size": 50
}