{
  "accuracy": 0.8809999823570251,
  "per_query_acc": [
    0.8809999823570251
  ],
  "mean_hidden_spikes": 1.5269999504089355,
  "throughput_K_per_spk": 0.6548788686811658,
  "K": 1,
  "op": "AND",
  "train_mode": "delays_only",
  "hidden_size": 20
}