{
  "accuracy": 0.9319999814033508,
  "per_query_acc": [
    0.9319999814033508
  ],
  "mean_hidden_spikes": 19.718000411987305,
  "throughput_K_per_spk": 0.05071508160594534,
  "K": 1,
  "op": "XOR",
  "train_mode": "weights_and_delays",
  "hidden_size": 50
}