{
  "accuracy": 0.843999981880188,
  "per_query_acc": [
    0.843999981880188
  ],
  "mean_hidden_spikes": 10.472999572753906,
  "throughput_K_per_spk": 0.0954836284536434,
  "K": 1,
  "op": "NOR",
  "train_mode": "weights_only",
  "hidden_size": 10
}