{
  "accuracy": 0.8330000042915344,
  "per_query_acc": [
    0.8330000042915344
  ],
  "mean_hidden_spikes": 8.831999778747559,
  "throughput_K_per_spk": 0.11322464051757565,
  "K": 1,
  "op": "XNOR",
  "train_mode": "weights_only",
  "hidden_size": 20
}