{
  "accuracy": 0.8970000147819519,
  "per_query_acc": [
    0.8970000147819519
  ],
  "mean_hidden_spikes": 67.23400115966797,
  "throughput_K_per_spk": 0.014873426878540073,
  "K": 1,
  "op": "OR",
  "train_mode": "weights_only",
  "hidden_size": 50
}