{
  "accuracy": 0.8920000195503235,
  "per_query_acc": [
    0.8920000195503235
  ],
  "mean_hidden_spikes": 2.055000066757202,
  "throughput_K_per_spk": 0.48661798905826986,
  "K": 1,
  "op": "NAND",
  "train_mode": "delays_only",
  "hidden_size": 50
}