{
  "accuracy": 0.7689999938011169,
  "per_query_acc": [
    0.7689999938011169
  ],
  "mean_hidden_spikes": 3.9619998931884766,
  "throughput_K_per_spk": 0.2523977857039354,
  "K": 1,
  "op": "XNOR",
  "train_mode": "weights_only",
  "hidden_size": 10
}