{
  "accuracy": 0.9649999737739563,
  "per_query_acc": [
    0.9649999737739563
  ],
  "mean_hidden_spikes": 8.420000076293945,
  "throughput_K_per_spk": 0.11876484452956787,
  "ops_per_neuron_per_ms": 0.001,
  "mean_active_hidden_fraction": 0.23250000178813934,
  "binary_confusion": [
    [
      207,
      31
    ],
    [
      4,
      758
    ]
  ],
  "op_accuracy": {
    "NAND": 0.9649999737739563
  },
  "op_confusions": {
    "NAND": [
      [
        207,
        31
      ],
      [
        4,
        758
      ]
    ]
  },
  "K": 1,
  "op": "NAND",
  "train_mode": "weights_and_delays",
  "hidden_size": 20,
  "delay_param_type": "sigmoid",
  "delay_step": 1.0,
  "fixed_delay_value": null
}