{
  "accuracy": 0.9639999866485596,
  "per_query_acc": [
    0.9639999866485596
  ],
  "mean_hidden_spikes": 14.263999938964844,
  "throughput_K_per_spk": 0.07010656227418431,
  "ops_per_neuron_per_ms": 0.001,
  "mean_active_hidden_fraction": 0.30560001730918884,
  "binary_confusion": [
    [
      221,
      28
    ],
    [
      8,
      743
    ]
  ],
  "op_accuracy": {
    "B_IMP_A": 0.9639999866485596
  },
  "op_confusions": {
    "B_IMP_A": [
      [
        221,
        28
      ],
      [
        8,
        743
      ]
    ]
  },
  "K": 1,
  "op": "B_IMP_A",
  "train_mode": "weights_and_delays",
  "hidden_size": 20,
  "delay_param_type": "sigmoid",
  "delay_step": 1.0,
  "fixed_delay_value": null
}