{
  "accuracy": 0.9139999747276306,
  "per_query_acc": [
    0.9139999747276306
  ],
  "mean_hidden_spikes": 29.461000442504883,
  "throughput_K_per_spk": 0.0339431786083289,
  "K": 1,
  "op": "B_IMP_A",
  "train_mode": "weights_only",
  "hidden_size": 50
}