{
  "accuracy": 0.9409999847412109,
  "per_query_acc": [
    0.9409999847412109
  ],
  "mean_hidden_spikes": 9.687999725341797,
  "throughput_K_per_spk": 0.10322048186935921,
  "ops_per_neuron_per_ms": 0.002,
  "mean_active_hidden_fraction": 0.2947000563144684,
  "binary_confusion": [
    [
      697,
      59
    ],
    [
      0,
      244
    ]
  ],
  "op_accuracy": {
    "NOR": 0.9409999847412109
  },
  "op_confusions": {
    "NOR": [
      [
        697,
        59
      ],
      [
        0,
        244
      ]
    ]
  },
  "K": 1,
  "op": "NOR",
  "train_mode": "weights_and_delays",
  "hidden_size": 10,
  "delay_param_type": "sigmoid",
  "delay_step": 1.0,
  "fixed_delay_value": null
}