{
  "accuracy": 0.7689999938011169,
  "per_query_acc": [
    0.7689999938011169
  ],
  "mean_hidden_spikes": 1.8270000219345093,
  "throughput_K_per_spk": 0.547345368360289,
  "ops_per_neuron_per_ms": 0.001,
  "mean_active_hidden_fraction": 0.06875000149011612,
  "binary_confusion": [
    [
      19,
      230
    ],
    [
      1,
      750
    ]
  ],
  "op_accuracy": {
    "B_IMP_A": 0.7689999938011169
  },
  "op_confusions": {
    "B_IMP_A": [
      [
        19,
        230
      ],
      [
        1,
        750
      ]
    ]
  },
  "K": 1,
  "op": "B_IMP_A",
  "train_mode": "delays_only",
  "hidden_size": 20,
  "delay_param_type": "sigmoid",
  "delay_step": 1.0,
  "fixed_delay_value": null
}