{
  "accuracy": 0.8880000114440918,
  "per_query_acc": [
    0.8880000114440918
  ],
  "mean_hidden_spikes": 28.80500030517578,
  "throughput_K_per_spk": 0.03471619473721431,
  "K": 1,
  "op": "OR",
  "train_mode": "weights_only",
  "hidden_size": 20
}