{
  "accuracy": 0.6169999837875366,
  "per_query_acc": [
    0.6169999837875366
  ],
  "mean_hidden_spikes": 1.5750000476837158,
  "throughput_K_per_spk": 0.6349206156981752,
  "K": 1,
  "op": "XNOR",
  "train_mode": "delays_only",
  "hidden_size": 20
}