{
  "accuracy": 0.5170000195503235,
  "per_query_acc": [
    0.5170000195503235
  ],
  "mean_hidden_spikes": 0.3140000104904175,
  "throughput_K_per_spk": 3.1847132693981792,
  "K": 1,
  "op": "XNOR",
  "train_mode": "delays_only",
  "hidden_size": 10
}