{
  "accuracy": 0.9850000143051147,
  "per_query_acc": [
    0.9850000143051147
  ],
  "mean_hidden_spikes": 11.960000038146973,
  "throughput_K_per_spk": 0.0836120398670948,
  "ops_per_neuron_per_ms": 0.001,
  "mean_active_hidden_fraction": 0.3321000039577484,
  "binary_confusion": [
    [
      761,
      1
    ],
    [
      14,
      224
    ]
  ],
  "op_accuracy": {
    "AND": 0.9850000143051147
  },
  "op_confusions": {
    "AND": [
      [
        761,
        1
      ],
      [
        14,
        224
      ]
    ]
  },
  "K": 1,
  "op": "AND",
  "train_mode": "weights_and_delays",
  "hidden_size": 20,
  "delay_param_type": "sigmoid",
  "delay_step": 1.0,
  "fixed_delay_value": null
}