{
  "accuracy": 0.9330000281333923,
  "per_query_acc": [
    0.9330000281333923
  ],
  "mean_hidden_spikes": 10.680000305175781,
  "throughput_K_per_spk": 0.09363295612598216,
  "K": 1,
  "op": "B_IMP_A",
  "train_mode": "weights_and_delays",
  "hidden_size": 10
}