{
  "accuracy": 0.9409999847412109,
  "per_query_acc": [
    0.9409999847412109
  ],
  "mean_hidden_spikes": 9.687999725341797,
  "throughput_K_per_spk": 0.10322048186935921,
  "K": 1,
  "op": "NOR",
  "train_mode": "weights_and_delays",
  "hidden_size": 10
}