{
  "accuracy": 0.781000018119812,
  "per_query_acc": [
    0.781000018119812
  ],
  "mean_hidden_spikes": 9.331000328063965,
  "throughput_K_per_spk": 0.10716964578732195,
  "ops_per_neuron_per_ms": 0.002,
  "mean_active_hidden_fraction": 0.4147000014781952,
  "binary_confusion": [
    [
      748,
      14
    ],
    [
      205,
      33
    ]
  ],
  "op_accuracy": {
    "AND": 0.781000018119812
  },
  "op_confusions": {
    "AND": [
      [
        748,
        14
      ],
      [
        205,
        33
      ]
    ]
  },
  "K": 1,
  "op": "AND",
  "train_mode": "weights_only",
  "hidden_size": 10,
  "delay_param_type": "sigmoid",
  "delay_step": 1.0,
  "fixed_delay_value": 0.0
}