{
  "accuracy": 0.7860000133514404,
  "per_query_acc": [
    0.7860000133514404
  ],
  "mean_hidden_spikes": 0.24699999392032623,
  "throughput_K_per_spk": 4.0485830956035,
  "K": 1,
  "op": "NAND",
  "train_mode": "delays_only",
  "hidden_size": 10
}