{
  "accuracy": 0.9850000143051147,
  "per_query_acc": [
    0.9850000143051147
  ],
  "mean_hidden_spikes": 17.000999450683594,
  "throughput_K_per_spk": 0.05882007130820718,
  "K": 1,
  "op": "A_IMP_B",
  "train_mode": "weights_and_delays",
  "hidden_size": 20
}