{
  "accuracy": 0.7559999823570251,
  "per_query_acc": [
    0.7559999823570251
  ],
  "mean_hidden_spikes": 2.507999897003174,
  "throughput_K_per_spk": 0.39872409930913744,
  "K": 1,
  "op": "OR",
  "train_mode": "delays_only",
  "hidden_size": 50
}