{
  "accuracy": 0.8130000233650208,
  "per_query_acc": [
    0.8130000233650208
  ],
  "mean_hidden_spikes": 16.42099952697754,
  "throughput_K_per_spk": 0.06089763283636491,
  "K": 1,
  "op": "XNOR",
  "train_mode": "weights_only",
  "hidden_size": 50
}