{
  "accuracy": 0.9649999737739563,
  "per_query_acc": [
    0.9649999737739563
  ],
  "mean_hidden_spikes": 8.420000076293945,
  "throughput_K_per_spk": 0.11876484452956787,
  "K": 1,
  "op": "NAND",
  "train_mode": "weights_and_delays",
  "hidden_size": 20
}