{
  "accuracy": 0.9620000123977661,
  "per_query_acc": [
    0.9620000123977661
  ],
  "mean_hidden_spikes": 4.413000106811523,
  "throughput_K_per_spk": 0.22660321228102553,
  "ops_per_neuron_per_ms": 0.002,
  "mean_active_hidden_fraction": 0.2694999873638153,
  "binary_confusion": [
    [
      752,
      10
    ],
    [
      28,
      210
    ]
  ],
  "op_accuracy": {
    "AND": 0.9620000123977661
  },
  "op_confusions": {
    "AND": [
      [
        752,
        10
      ],
      [
        28,
        210
      ]
    ]
  },
  "K": 1,
  "op": "AND",
  "train_mode": "weights_and_delays",
  "hidden_size": 10,
  "delay_param_type": "sigmoid",
  "delay_step": 1.0,
  "fixed_delay_value": null
}